"Data Source","World Development Indicators",

"Last Updated Date","2021-03-19",

"Country Name","Country Code","Indicator Name","Indicator Code","1960","1961","1962","1963","1964","1965","1966","1967","1968","1969","1970","1971","1972","1973","1974","1975","1976","1977","1978","1979","1980","1981","1982","1983","1984","1985","1986","1987","1988","1989","1990","1991","1992","1993","1994","1995","1996","1997","1998","1999","2000","2001","2002","2003","2004","2005","2006","2007","2008","2009","2010","2011","2012","2013","2014","2015","2016","2017","2018","2019","2020",
"Aruba","ABW","Poverty headcount ratio at $5.50 a day (2011 PPP) (% of population)","SI.POV.UMIC","","","","","","","","","","","","","","","","","","","","","","","","","","","","","","","","","","","","","","","","","","","","","","","","","","","","","","","","","","","","","",
"Afghanistan","AFG","Poverty headcount ratio at $5.50 a day (2011 PPP) (% of population)","SI.POV.UMIC","","","","","","","","","","","","","","","","","","","","","","","","","","","","","","","","","","","","","","","","","","","","","","","","","","","","","","","","","","","","","",
"Angola","AGO","Poverty headcount ratio at $5.50 a day (2011 PPP) (% of population)","SI.POV.UMIC","","","","","","","","","","","","","","","","","","","","","","","","","","","","","","","","","","","","","","","","","80.5","","","","","","","","82.9","","","","","","","","","","88.5","","",
"Albania","ALB","Poverty headcount ratio at $5.50 a day (2011 PPP) (% of population)","SI.POV.UMIC","","","","","","","","","","","","","","","","","","","","","","","","","","","","","","","","","","","","","44.6","","","","","","49.7","","","38.5","","","31.1","","","","34.5","","37","34.3","34.2","33.8","","","",
"Andorra","AND","Poverty headcount ratio at $5.50 a day (2011 PPP) (% of population)","SI.POV.UMIC","","","","","","","","","","","","","","","","","","","","","","","","","","","","","","","","","","","","","","","","","","","","","","","","","","","","","","","","","","","","","",
"Arab World","ARB","Poverty headcount ratio at $5.50 a day (2011 PPP) (% of population)","SI.POV.UMIC","","","","","","","","","","","","","","","","","","","","","","","","","","","","","","","","","","","","","","","","","","","","","","","","","","","","","","","","","","","","","",
"United Arab Emirates","ARE","Poverty headcount ratio at $5.50 a day (2011 PPP) (% of population)","SI.POV.UMIC","","","","","","","","","","","","","","","","","","","","","","","","","","","","","","","","","","","","","","","","","","","","","","","","","","","","","","0","0","","","","0.1","","",
"Argentina","ARG","Poverty headcount ratio at $5.50 a day (2011 PPP) (% of population)","SI.POV.UMIC","","","","","","","","","","","","","","","","","","","","","7.5","","","","","","6.4","10.3","","","","19","18.4","17.8","20.6","24.6","26.3","25.1","27.9","28.5","31.5","36.9","49.9","33.7","29.2","25","20.3","19.2","17.1","15.6","14.1","11.6","10.7","10.8","11.8","","11.5","9.9","12.3","14.4","",
"Armenia","ARM","Poverty headcount ratio at $5.50 a day (2011 PPP) (% of population)","SI.POV.UMIC","","","","","","","","","","","","","","","","","","","","","","","","","","","","","","","","","","","","","","","","78.2","","81","79.7","78.9","68.1","61.3","55.9","48.4","45.5","54.3","55","51.3","48.3","46.1","44.9","39.8","37.5","41.5","42.5","44","",
"American Samoa","ASM","Poverty headcount ratio at $5.50 a day (2011 PPP) (% of population)","SI.POV.UMIC","","","","","","","","","","","","","","","","","","","","","","","","","","","","","","","","","","","","","","","","","","","","","","","","","","","","","","","","","","","","","",
"Antigua and Barbuda","ATG","Poverty headcount ratio at $5.50 a day (2011 PPP) (% of population)","SI.POV.UMIC","","","","","","","","","","","","","","","","","","","","","","","","","","","","","","","","","","","","","","","","","","","","","","","","","","","","","","","","","","","","","",
"Australia","AUS","Poverty headcount ratio at $5.50 a day (2011 PPP) (% of population)","SI.POV.UMIC","","","","","","","","","","","","","","","","","","","","","","1.7","","","","1.7","","","","1.7","","","","","","1.7","","","","","","1.3","","1.5","1","","","","0.7","","0.7","","","","0.7","","","","","","",
"Austria","AUT","Poverty headcount ratio at $5.50 a day (2011 PPP) (% of population)","SI.POV.UMIC","","","","","","","","","","","","","","","","","","","","","","","","","","","","0","","","","","","","0.7","2","","0.7","","","0.2","","","0.6","0.3","0.4","0.4","0.7","0.9","1","0.8","1","1","0.6","0.7","0.9","1.2","0.7","1","","",
"Azerbaijan","AZE","Poverty headcount ratio at $5.50 a day (2011 PPP) (% of population)","SI.POV.UMIC","","","","","","","","","","","","","","","","","","","","","","","","","","","","","","","","","","","","61.3","","","","","","52","16.2","17.5","13.9","7","","","","","","","","","","","","","","","",
"Burundi","BDI","Poverty headcount ratio at $5.50 a day (2011 PPP) (% of population)","SI.POV.UMIC","","","","","","","","","","","","","","","","","","","","","","","","","","","","","","","","","98.9","","","","","","98","","","","","","","","98.4","","","","","","","96.9","","","","","","","",
"Belgium","BEL","Poverty headcount ratio at $5.50 a day (2011 PPP) (% of population)","SI.POV.UMIC","","","","","","","","","","","","","","","","","","","","","","","","","","0.7","","","0.7","","","","1.2","","","1","","0.7","","","0.7","","","0.7","0.2","0.5","0.4","0.3","0.3","0.3","0.4","0.5","0.4","0.4","0.2","0.2","0.2","0.4","0.2","","",
"Benin","BEN","Poverty headcount ratio at $5.50 a day (2011 PPP) (% of population)","SI.POV.UMIC","","","","","","","","","","","","","","","","","","","","","","","","","","","","","","","","","","","","","","","","","","","","93.8","","","","","","","","90.1","","","","90.6","","","","","",
"Burkina Faso","BFA","Poverty headcount ratio at $5.50 a day (2011 PPP) (% of population)","SI.POV.UMIC","","","","","","","","","","","","","","","","","","","","","","","","","","","","","","","","","","","97.2","","","","96.3","","","","","93.1","","","","","","94.2","","","","","92.3","","","","","","",
"Bangladesh","BGD","Poverty headcount ratio at $5.50 a day (2011 PPP) (% of population)","SI.POV.UMIC","","","","","","","","","","","","","","","","","","","","","","","","97.1","","95.6","","","96.2","","","96.9","","","","92.6","","","","","91.5","","","","","89.2","","","","","87.6","","","","","","84.2","","","","",
"Bulgaria","BGR","Poverty headcount ratio at $5.50 a day (2011 PPP) (% of population)","SI.POV.UMIC","","","","","","","","","","","","","","","","","","","","","","","","","","","","","","","","","","","","","","","","","","","","","","","24","12.2","9.1","9","11.4","11.9","11.6","11.5","9.1","12.4","9.4","7.9","6.9","","",
"Bahrain","BHR","Poverty headcount ratio at $5.50 a day (2011 PPP) (% of population)","SI.POV.UMIC","","","","","","","","","","","","","","","","","","","","","","","","","","","","","","","","","","","","","","","","","","","","","","","","","","","","","","","","","","","","","",
"Bahamas, The","BHS","Poverty headcount ratio at $5.50 a day (2011 PPP) (% of population)","SI.POV.UMIC","","","","","","","","","","","","","","","","","","","","","","","","","","","","","","","","","","","","","","","","","","","","","","","","","","","","","","","","","","","","","",
"Bosnia and Herzegovina","BIH","Poverty headcount ratio at $5.50 a day (2011 PPP) (% of population)","SI.POV.UMIC","","","","","","","","","","","","","","","","","","","","","","","","","","","","","","","","","","","","","","","","","","8.6","","","4","","","2.8","","","","3.8","","","","","","","","","",
"Belarus","BLR","Poverty headcount ratio at $5.50 a day (2011 PPP) (% of population)","SI.POV.UMIC","","","","","","","","","","","","","","","","","","","","","","","","","","","","","","","","","","","","","","","76.9","72","65.9","50","42.7","39.1","27.4","17.1","11.7","7.6","5.5","5.1","3.6","2.7","1.2","0.7","0.4","0.9","0.8","0.8","0.4","0.2","",
"Belize","BLZ","Poverty headcount ratio at $5.50 a day (2011 PPP) (% of population)","SI.POV.UMIC","","","","","","","","","","","","","","","","","","","","","","","","","","","","","","","","","","48.9","52.2","","57.7","57.8","56.1","51.1","","","","","","","","","","","","","","","","","","","","","",
"Bermuda","BMU","Poverty headcount ratio at $5.50 a day (2011 PPP) (% of population)","SI.POV.UMIC","","","","","","","","","","","","","","","","","","","","","","","","","","","","","","","","","","","","","","","","","","","","","","","","","","","","","","","","","","","","","",
"Bolivia","BOL","Poverty headcount ratio at $5.50 a day (2011 PPP) (% of population)","SI.POV.UMIC","","","","","","","","","","","","","","","","","","","","","","","","","","","","","","","","","64.9","","","","","52.4","","54.7","62","57.3","59.2","","52.8","51.9","47.9","46.3","39","34.6","","27.9","28","25.8","24.8","25.4","25.9","25.7","23.4","19.9","",
"Brazil","BRA","Poverty headcount ratio at $5.50 a day (2011 PPP) (% of population)","SI.POV.UMIC","","","","","","","","","","","","","","","","","","","","","","60.2","59.8","66.4","66.5","61.4","42.2","52.7","54.8","52","57.6","","58","56.6","","45","45.5","45.5","44.5","45.8","","41.1","40.3","41.5","40.1","37.9","34","31.9","28.7","27.3","","23.8","21.1","19.3","17.6","18.6","20","20.2","19.8","19.6","",
"Barbados","BRB","Poverty headcount ratio at $5.50 a day (2011 PPP) (% of population)","SI.POV.UMIC","","","","","","","","","","","","","","","","","","","","","","","","","","","","","","","","","","","","","","","","","","","","","","","","","","","","","","","","","","","","","",
"Brunei Darussalam","BRN","Poverty headcount ratio at $5.50 a day (2011 PPP) (% of population)","SI.POV.UMIC","","","","","","","","","","","","","","","","","","","","","","","","","","","","","","","","","","","","","","","","","","","","","","","","","","","","","","","","","","","","","",
"Bhutan","BTN","Poverty headcount ratio at $5.50 a day (2011 PPP) (% of population)","SI.POV.UMIC","","","","","","","","","","","","","","","","","","","","","","","","","","","","","","","","","","","","","","","","","","","","73","","","","61.6","","","","","44.3","","","","","38.9","","","",
"Botswana","BWA","Poverty headcount ratio at $5.50 a day (2011 PPP) (% of population)","SI.POV.UMIC","","","","","","","","","","","","","","","","","","","","","","","","","","80.6","","","","","","","","74.7","","","","","","","","","65.3","","","","","","","55.8","","","","","","59.1","","","","","",
"Central African Republic","CAF","Poverty headcount ratio at $5.50 a day (2011 PPP) (% of population)","SI.POV.UMIC","","","","","","","","","","","","","","","","","","","","","","","","","","","","","","","","","96.7","","","","","","","","","","","","","","","","92.7","","","","","","","","","","","","",
"Canada","CAN","Poverty headcount ratio at $5.50 a day (2011 PPP) (% of population)","SI.POV.UMIC","","","","","","","","","","","","4.5","","","","2","","","","","","1.2","","","","","","0.7","","","","0.5","","","0.5","","","1","1","","0.7","","","","0.7","","","0.5","","","0.5","","0.7","0.7","0.7","0.7","0.7","0.7","","","",
"Central Europe and the Baltics","CEB","Poverty headcount ratio at $5.50 a day (2011 PPP) (% of population)","SI.POV.UMIC","","","","","","","","","","","","","","","","","","","","","","","","","","","","","","","","","","","","","","","","","","","","","","","","","","","","","","","","","","","","","",
"Switzerland","CHE","Poverty headcount ratio at $5.50 a day (2011 PPP) (% of population)","SI.POV.UMIC","","","","","","","","","","","","","","","","","","","","","","","0.7","","","","","","","","","","1","","","","","","","","0.2","","0.2","","","","0.3","0.3","0.3","0.2","0.2","0","0","0.1","0.1","0","0.1","0.1","0.1","","",
"Channel Islands","CHI","Poverty headcount ratio at $5.50 a day (2011 PPP) (% of population)","SI.POV.UMIC","","","","","","","","","","","","","","","","","","","","","","","","","","","","","","","","","","","","","","","","","","","","","","","","","","","","","","","","","","","","","",
"Chile","CHL","Poverty headcount ratio at $5.50 a day (2011 PPP) (% of population)","SI.POV.UMIC","","","","","","","","","","","","","","","","","","","","","","","","","","","","52.3","","","45.6","","39.2","","36.5","","30.8","","28.6","","30.4","","","29.8","","","19.2","","","15.2","","12","","6.6","","5.1","","3.6","","","",
"China","CHN","Poverty headcount ratio at $5.50 a day (2011 PPP) (% of population)","SI.POV.UMIC","","","","","","","","","","","","","","","","","","","","","","","","","","","","","","","98.3","","","96.3","","","92.3","","","88.9","","","80.6","","","70.5","","","60.7","","53.5","49.2","44.4","36.4","31.5","27.2","24","","","","",
"Cote d'Ivoire","CIV","Poverty headcount ratio at $5.50 a day (2011 PPP) (% of population)","SI.POV.UMIC","","","","","","","","","","","","","","","","","","","","","","","","","","47.6","52","58.4","68.1","","","","78.9","","","79.7","","","82.9","","","","81.9","","","","","","82","","","","","","","83.2","","","","","",
"Cameroon","CMR","Poverty headcount ratio at $5.50 a day (2011 PPP) (% of population)","SI.POV.UMIC","","","","","","","","","","","","","","","","","","","","","","","","","","","","","","","","","","","","","89.1","","","","","80.9","","","","","","81.4","","","","","","","71","","","","","","",
"Congo, Dem. Rep.","COD","Poverty headcount ratio at $5.50 a day (2011 PPP) (% of population)","SI.POV.UMIC","","","","","","","","","","","","","","","","","","","","","","","","","","","","","","","","","","","","","","","","","","","","","99.7","","","","","","","","97.9","","","","","","","","",
"Congo, Rep.","COG","Poverty headcount ratio at $5.50 a day (2011 PPP) (% of population)","SI.POV.UMIC","","","","","","","","","","","","","","","","","","","","","","","","","","","","","","","","","","","","","","","","","","","","","","90.1","","","","","","83.9","","","","","","","","","",
"Colombia","COL","Poverty headcount ratio at $5.50 a day (2011 PPP) (% of population)","SI.POV.UMIC","","","","","","","","","","","","","","","","","","","","","","","","","","","","","","","","","47.1","","","","55.5","","","58.9","54.1","61.4","52.3","51.6","51.4","47.5","","","42.8","41.4","38.5","35.7","34.3","32.2","30","29","28.7","28.1","28.2","29.4","",
"Comoros","COM","Poverty headcount ratio at $5.50 a day (2011 PPP) (% of population)","SI.POV.UMIC","","","","","","","","","","","","","","","","","","","","","","","","","","","","","","","","","","","","","","","","","","","","","64.6","","","","","","","","","","64.6","","","","","","",
"Cabo Verde","CPV","Poverty headcount ratio at $5.50 a day (2011 PPP) (% of population)","SI.POV.UMIC","","","","","","","","","","","","","","","","","","","","","","","","","","","","","","","","","","","","","","","","","","63.4","","","","","","53.7","","","","","","","","41.3","","","","","",
"Costa Rica","CRI","Poverty headcount ratio at $5.50 a day (2011 PPP) (% of population)","SI.POV.UMIC","","","","","","","","","","","","","","","","","","","","","","66.2","","","","","55.7","","","43.4","40.7","45.3","42","35.9","30.9","32.2","35.6","33.1","27.8","30.6","30.5","23.7","22.9","22.4","23.1","21","20.5","16.3","15.9","15.6","13.2","13.7","12.7","12.8","12.3","12","10.8","9.9","11.2","10.6","",
"Caribbean small states","CSS","Poverty headcount ratio at $5.50 a day (2011 PPP) (% of population)","SI.POV.UMIC","","","","","","","","","","","","","","","","","","","","","","","","","","","","","","","","","","","","","","","","","","","","","","","","","","","","","","","","","","","","","",
"Cuba","CUB","Poverty headcount ratio at $5.50 a day (2011 PPP) (% of population)","SI.POV.UMIC","","","","","","","","","","","","","","","","","","","","","","","","","","","","","","","","","","","","","","","","","","","","","","","","","","","","","","","","","","","","","",
"Curacao","CUW","Poverty headcount ratio at $5.50 a day (2011 PPP) (% of population)","SI.POV.UMIC","","","","","","","","","","","","","","","","","","","","","","","","","","","","","","","","","","","","","","","","","","","","","","","","","","","","","","","","","","","","","",
"Cayman Islands","CYM","Poverty headcount ratio at $5.50 a day (2011 PPP) (% of population)","SI.POV.UMIC","","","","","","","","","","","","","","","","","","","","","","","","","","","","","","","","","","","","","","","","","","","","","","","","","","","","","","","","","","","","","",
"Cyprus","CYP","Poverty headcount ratio at $5.50 a day (2011 PPP) (% of population)","SI.POV.UMIC","","","","","","","","","","","","","","","","","","","","","","","","","","","","","","","","","","","","","","","","","","","","","0.2","0.1","0","0.1","0","0.1","0.2","0.1","0.1","0.2","0.3","0.1","0.1","0.1","0.1","","",
"Czech Republic","CZE","Poverty headcount ratio at $5.50 a day (2011 PPP) (% of population)","SI.POV.UMIC","","","","","","","","","","","","","","","","","","","","","","","","","","","","","","","","","0.5","0.3","","","1.2","","","","","","0.5","","1","0.6","0.6","0.5","0.3","0.6","0.7","0.6","0.6","0.5","0.6","0.3","0.6","0.4","0.2","","",
"Germany","DEU","Poverty headcount ratio at $5.50 a day (2011 PPP) (% of population)","SI.POV.UMIC","","","","","","","","","","","","","","","","","","","","","","","","","","","","","","","","0.2","","","0.5","0.5","","","0.2","","0.2","0.2","0.2","0.2","0.2","0.2","0","0.2","0.2","0.2","0.2","0.2","0.2","0.2","0.2","0.2","0.5","","","","",
"Djibouti","DJI","Poverty headcount ratio at $5.50 a day (2011 PPP) (% of population)","SI.POV.UMIC","","","","","","","","","","","","","","","","","","","","","","","","","","","","","","","","","","","","","","","","","","","76.7","","","","","","","","","","68.1","74.5","","","","70.2","","","",
"Dominica","DMA","Poverty headcount ratio at $5.50 a day (2011 PPP) (% of population)","SI.POV.UMIC","","","","","","","","","","","","","","","","","","","","","","","","","","","","","","","","","","","","","","","","","","","","","","","","","","","","","","","","","","","","","",
"Denmark","DNK","Poverty headcount ratio at $5.50 a day (2011 PPP) (% of population)","SI.POV.UMIC","","","","","","","","","","","","","","","","","","","","","","","","","","","","1.2","","","","","1","","","0.2","","","","","0.2","","","0.4","0.4","0.5","0.3","0.5","0.7","0.9","0.2","0.6","0.2","0.6","0.7","0.4","0.4","0.2","0.3","","",
"Dominican Republic","DOM","Poverty headcount ratio at $5.50 a day (2011 PPP) (% of population)","SI.POV.UMIC","","","","","","","","","","","","","","","","","","","","","","","","","","","28.5","","","54.8","","","40.8","","","","32","29.6","","","30.2","30.1","30.6","38.5","45.8","36.8","33.7","33.4","34.5","31.7","31.8","31","30.8","29.9","25.2","21.8","19.9","15.9","13.9","12.4","",
"Algeria","DZA","Poverty headcount ratio at $5.50 a day (2011 PPP) (% of population)","SI.POV.UMIC","","","","","","","","","","","","","","","","","","","","","","","","","","","","","57","","","","","","","54.6","","","","","","","","","","","","","","","","28.6","","","","","","","","","",
"East Asia & Pacific (excluding high income)","EAP","Poverty headcount ratio at $5.50 a day (2011 PPP) (% of population)","SI.POV.UMIC","","","","","","","","","","","","","","","","","","","","","","","","","","","","","","","","","","","","","","","","","","","","","","","","","","","","","","","","","","","","","",
"Early-demographic dividend","EAR","Poverty headcount ratio at $5.50 a day (2011 PPP) (% of population)","SI.POV.UMIC","","","","","","","","","","","","","","","","","","","","","","","","","","","","","","","","","","","","","","","","","","","","","","","","","","","","","","","","","","","","","",
"East Asia & Pacific","EAS","Poverty headcount ratio at $5.50 a day (2011 PPP) (% of population)","SI.POV.UMIC","","","","","","","","","","","","","","","","","","","","","","97.1","97","96.9","96.8","96.7","96.5","96.1","95.6","95.5","95.1","94.7","93.9","93.1","92","90.6","89.1","88.5","88.1","86.8","84.7","82.8","79.8","77.6","75.1","71.4","69.3","65.6","63.4","60.5","55.6","51.9","48.2","42","38","34.3","31.2","27.6","24.7","22.7","",
"Europe & Central Asia (excluding high income)","ECA","Poverty headcount ratio at $5.50 a day (2011 PPP) (% of population)","SI.POV.UMIC","","","","","","","","","","","","","","","","","","","","","","","","","","","","","","","","","","","","","","","","","","","","","","","","","","","","","","","","","","","","","",
"Europe & Central Asia","ECS","Poverty headcount ratio at $5.50 a day (2011 PPP) (% of population)","SI.POV.UMIC","","","","","","","","","","","","","","","","","","","","","","","","","","","","","","","23.8","26.4","31.4","37.1","42.2","36.7","39.5","37","37.6","45.7","41.4","38.7","35.3","33.7","29.3","26.5","23.2","20.1","16.8","16.7","16.1","15","14.7","13.7","13.8","13.9","13.3","12.6","11.9","11.6","",
"Ecuador","ECU","Poverty headcount ratio at $5.50 a day (2011 PPP) (% of population)","SI.POV.UMIC","","","","","","","","","","","","","","","","","","","","","","","","","","","","","","","","","","","60.9","","","","","63.4","72.7","","","53.8","54.9","46.5","41.4","40.5","38.4","38.3","34.5","30.2","27.6","27.2","23.8","24.8","24","23.3","24.2","25.4","",
"Egypt, Arab Rep.","EGY","Poverty headcount ratio at $5.50 a day (2011 PPP) (% of population)","SI.POV.UMIC","","","","","","","","","","","","","","","","","","","","","","","","","","","","","","","78.8","","","","","81.8","","","","70.4","","","","","77.7","","","","77.4","","70.5","","67.7","","","64.4","","72.6","","","",
"Euro area","EMU","Poverty headcount ratio at $5.50 a day (2011 PPP) (% of population)","SI.POV.UMIC","","","","","","","","","","","","","","","","","","","","","","","","","","","","","","","","","","","","","","","","","","","","","","","","","","","","","","","","","","","","","",
"Eritrea","ERI","Poverty headcount ratio at $5.50 a day (2011 PPP) (% of population)","SI.POV.UMIC","","","","","","","","","","","","","","","","","","","","","","","","","","","","","","","","","","","","","","","","","","","","","","","","","","","","","","","","","","","","","",
"Spain","ESP","Poverty headcount ratio at $5.50 a day (2011 PPP) (% of population)","SI.POV.UMIC","","","","","","","","","","","","","","","","","","","","","6.5","","","","","6.5","","","","","2.7","","","","","4.2","","","","","1.5","","","2.1","2.1","2.3","2.4","1.5","1.7","2.3","2.3","2.8","3.1","3.4","2.9","3.2","3.2","2.2","2.4","","",
"Estonia","EST","Poverty headcount ratio at $5.50 a day (2011 PPP) (% of population)","SI.POV.UMIC","","","","","","","","","","","","","","","","","","","","","","","","","","","","","","","","","","","","","","","","","","","","12.1","8.2","5.5","3.1","2.3","2.2","2.9","3.9","3.4","3.5","3.5","3","1.8","1.4","1","0.8","","",
"Ethiopia","ETH","Poverty headcount ratio at $5.50 a day (2011 PPP) (% of population)","SI.POV.UMIC","","","","","","","","","","","","","","","","","","","","","","","","","","","","","","","","","","","","96.2","","","","97.5","","","","","95.8","","","","","","93.6","","","","","90.2","","","","","",
"European Union","EUU","Poverty headcount ratio at $5.50 a day (2011 PPP) (% of population)","SI.POV.UMIC","","","","","","","","","","","","","","","","","","","","","","","","","","","","","","","","","","","","","","","","","","","","","","","","","","","","","","","","","","","","","",
"Fragile and conflict affected situations","FCS","Poverty headcount ratio at $5.50 a day (2011 PPP) (% of population)","SI.POV.UMIC","","","","","","","","","","","","","","","","","","","","","","","","","","","","","","","","","","","","87.4","86.9","86.4","","85","","84.8","85.5","87.2","85.3","84.3","83","82.1","81.5","81","80.4","80.2","79.8","79.8","79.8","82.7","82.5","82.8","","","",
"Finland","FIN","Poverty headcount ratio at $5.50 a day (2011 PPP) (% of population)","SI.POV.UMIC","","","","","","","","","","","","","","","","","","","","","","","","","","","","0.2","","","","0.2","","","","0.2","","","","","0.2","","","0.2","0.1","0.2","0.2","0.1","0.2","0.1","0.1","0.1","0.2","0.1","0.1","0.2","0.2","0.1","0.2","","",
"Fiji","FJI","Poverty headcount ratio at $5.50 a day (2011 PPP) (% of population)","SI.POV.UMIC","","","","","","","","","","","","","","","","","","","","","","","","","","","","","","","","","","","","","","","","","","","42.3","","","","","","37.3","","","","","35.8","","","","","","","",
"France","FRA","Poverty headcount ratio at $5.50 a day (2011 PPP) (% of population)","SI.POV.UMIC","","","","","","","","","","","","","","","","","","","2.2","","","","","","3","","","","","1.7","","","","","0.2","","","","","","0.2","","","0.4","0.2","0.2","0.2","0.1","0.1","0.3","0.3","0.2","0.3","0.2","0.1","0.3","0.2","0.1","0.1","","",
"Faroe Islands","FRO","Poverty headcount ratio at $5.50 a day (2011 PPP) (% of population)","SI.POV.UMIC","","","","","","","","","","","","","","","","","","","","","","","","","","","","","","","","","","","","","","","","","","","","","","","","","","","","","","","","","","","","","",
"Micronesia, Fed. Sts.","FSM","Poverty headcount ratio at $5.50 a day (2011 PPP) (% of population)","SI.POV.UMIC","","","","","","","","","","","","","","","","","","","","","","","","","","","","","","","","","","","","","","","","","","","","","","51.6","","","","","","","","69.1","","","","","","","",
"Gabon","GAB","Poverty headcount ratio at $5.50 a day (2011 PPP) (% of population)","SI.POV.UMIC","","","","","","","","","","","","","","","","","","","","","","","","","","","","","","","","","","","","","","","","","","","","","","56.1","","","","","","","","","","","","32.2","","","",
"United Kingdom","GBR","Poverty headcount ratio at $5.50 a day (2011 PPP) (% of population)","SI.POV.UMIC","","","","","","","","","","5","","","","","1","","","","","1.2","","","","","","","2.2","","","","","1.2","","","1","2","","","","1","0.7","0.7","0.7","0.7","1.2","1.2","0.8","0.8","1","0.6","0.7","0.7","0.6","0.4","0.6","0.7","0.5","0.9","","","",
"Georgia","GEO","Poverty headcount ratio at $5.50 a day (2011 PPP) (% of population)","SI.POV.UMIC","","","","","","","","","","","","","","","","","","","","","","","","","","","","","","","","","","","","","40.6","64.5","64.3","71.8","73.5","76.1","62.8","62.4","58.8","61.3","62.2","64.5","60","59.9","60.8","59","54.9","49.5","45.7","44.8","43.3","43","42.5","42","",
"Ghana","GHA","Poverty headcount ratio at $5.50 a day (2011 PPP) (% of population)","SI.POV.UMIC","","","","","","","","","","","","","","","","","","","","","","","","","","","","93.4","92.2","","","92.6","","","","","","","84.5","","","","","","","75.9","","","","","","","58.8","","","","55.1","","","","",
"Gibraltar","GIB","Poverty headcount ratio at $5.50 a day (2011 PPP) (% of population)","SI.POV.UMIC","","","","","","","","","","","","","","","","","","","","","","","","","","","","","","","","","","","","","","","","","","","","","","","","","","","","","","","","","","","","","",
"Guinea","GIN","Poverty headcount ratio at $5.50 a day (2011 PPP) (% of population)","SI.POV.UMIC","","","","","","","","","","","","","","","","","","","","","","","","","","","","","","","","100","","","89.4","","","","","","","","95","","","","","94.3","","","","","92.5","","","","","","","","",
"Gambia, The","GMB","Poverty headcount ratio at $5.50 a day (2011 PPP) (% of population)","SI.POV.UMIC","","","","","","","","","","","","","","","","","","","","","","","","","","","","","","","","","","","","","","","95.2","","","","","87.3","","","","","","","80.7","","","","","72.7","","","","","",
"Guinea-Bissau","GNB","Poverty headcount ratio at $5.50 a day (2011 PPP) (% of population)","SI.POV.UMIC","","","","","","","","","","","","","","","","","","","","","","","","","","","","","","","","","","89.4","","","","","","","","","96.1","","","","","","","","93.8","","","","","","","","","","",
"Equatorial Guinea","GNQ","Poverty headcount ratio at $5.50 a day (2011 PPP) (% of population)","SI.POV.UMIC","","","","","","","","","","","","","","","","","","","","","","","","","","","","","","","","","","","","","","","","","","","","","","","","","","","","","","","","","","","","","",
"Greece","GRC","Poverty headcount ratio at $5.50 a day (2011 PPP) (% of population)","SI.POV.UMIC","","","","","","","","","","","","","","","","","","","","","","","","","","","","","","","","","","","","4.5","","","","","2.5","","","1.6","1.7","1.6","1.9","1.7","1.2","1.5","2.4","4.8","6.3","7.1","7.1","7","5.6","4.7","2.9","","",
"Grenada","GRD","Poverty headcount ratio at $5.50 a day (2011 PPP) (% of population)","SI.POV.UMIC","","","","","","","","","","","","","","","","","","","","","","","","","","","","","","","","","","","","","","","","","","","","","","","","","","","","","","","","","","","","","",
"Greenland","GRL","Poverty headcount ratio at $5.50 a day (2011 PPP) (% of population)","SI.POV.UMIC","","","","","","","","","","","","","","","","","","","","","","","","","","","","","","","","","","","","","","","","","","","","","","","","","","","","","","","","","","","","","",
"Guatemala","GTM","Poverty headcount ratio at $5.50 a day (2011 PPP) (% of population)","SI.POV.UMIC","","","","","","","","","","","","","","","","","","","","","","","","","","","85","","","72.9","","","","","","","","","50.1","","45.1","","","","","","43.7","","","","","","","","49.1","","","","","","",
"Guam","GUM","Poverty headcount ratio at $5.50 a day (2011 PPP) (% of population)","SI.POV.UMIC","","","","","","","","","","","","","","","","","","","","","","","","","","","","","","","","","","","","","","","","","","","","","","","","","","","","","","","","","","","","","",
"Guyana","GUY","Poverty headcount ratio at $5.50 a day (2011 PPP) (% of population)","SI.POV.UMIC","","","","","","","","","","","","","","","","","","","","","","","","","","","","","","","","","81.4","","","","","","51","","","","","","","","","","","","","","","","","","","","","","",
"High income","HIC","Poverty headcount ratio at $5.50 a day (2011 PPP) (% of population)","SI.POV.UMIC","","","","","","","","","","","","","","","","","","","","","","","4.3","4.1","3.9","3.8","3.7","3.3","3","2.8","2.8","2.8","3.1","4.6","5.8","3.8","5.1","3.7","3.3","3.8","3.7","3.6","3.5","3.3","3","2.9","2.6","2.3","2","1.9","2","2","2","2","2.1","2","1.7","1.6","1.6","1.5","",
"Hong Kong SAR, China","HKG","Poverty headcount ratio at $5.50 a day (2011 PPP) (% of population)","SI.POV.UMIC","","","","","","","","","","","","","","","","","","","","","","","","","","","","","","","","","","","","","","","","","","","","","","","","","","","","","","","","","","","","","",
"Honduras","HND","Poverty headcount ratio at $5.50 a day (2011 PPP) (% of population)","SI.POV.UMIC","","","","","","","","","","","","","","","","","","","","","","","","","","","","","","80.1","82.1","78.9","75.8","69.2","69.1","70.2","72.5","64.5","64.3","65.6","","55.6","61","64.4","63.9","61.4","55.9","53.5","50.7","47.6","50.6","53.2","57.8","56","52.7","52.5","49.7","50.3","50.4","49","",
"Heavily indebted poor countries (HIPC)","HPC","Poverty headcount ratio at $5.50 a day (2011 PPP) (% of population)","SI.POV.UMIC","","","","","","","","","","","","","","","","","","","","","","","","","","","","","","","","","","","","","","","","","","","","","","","","","","","","","","","","","","","","","",
"Croatia","HRV","Poverty headcount ratio at $5.50 a day (2011 PPP) (% of population)","SI.POV.UMIC","","","","","","","","","","","","","","","","","","","","","","","","","","","","","","","","","","","","","","","","","","","","","","","","","","4.5","5.8","6.9","6.8","6.7","5.8","5","4.1","3.6","2.4","","",
"Haiti","HTI","Poverty headcount ratio at $5.50 a day (2011 PPP) (% of population)","SI.POV.UMIC","","","","","","","","","","","","","","","","","","","","","","","","","","","","","","","","","","","","","","","","","","","","","","","","","","","","","78.6","","","","","","","","",
"Hungary","HUN","Poverty headcount ratio at $5.50 a day (2011 PPP) (% of population)","SI.POV.UMIC","","","","","","","","","","","","","","","","","","","","","","","","","","","","","","","","","","","","","","","","","","","","","2.9","4.5","1.9","1.8","1.5","1.4","2.5","2.8","4.3","4.3","3.1","2.7","2.6","3","2","","",
"IBRD only","IBD","Poverty headcount ratio at $5.50 a day (2011 PPP) (% of population)","SI.POV.UMIC","","","","","","","","","","","","","","","","","","","","","","","","","","","","","","","","","","","","","","","","","","","","","","","","","","","","","","","","","","","","","",
"IDA & IBRD total","IBT","Poverty headcount ratio at $5.50 a day (2011 PPP) (% of population)","SI.POV.UMIC","","","","","","","","","","","","","","","","","","","","","","","","","","","","","","","","","","","","","","","","","","","","","","","","","","","","","","","","","","","","","",
"IDA total","IDA","Poverty headcount ratio at $5.50 a day (2011 PPP) (% of population)","SI.POV.UMIC","","","","","","","","","","","","","","","","","","","","","","","","","","","","","","91.5","91.6","91.8","92.2","92.4","92.4","92","91.4","91.3","91.1","91.3","91.4","91.4","91.3","91.3","90.4","89.6","89","88.3","87.7","87.3","86.7","86.1","85.3","85","84.2","84","83.5","82.9","82.1","81.8","",
"IDA blend","IDB","Poverty headcount ratio at $5.50 a day (2011 PPP) (% of population)","SI.POV.UMIC","","","","","","","","","","","","","","","","","","","","","","","","","","","","","","","","","","","","","","","","","","","","","","","","","","","","","","","","","","","","","",
"Indonesia","IDN","Poverty headcount ratio at $5.50 a day (2011 PPP) (% of population)","SI.POV.UMIC","","","","","","","","","","","","","","","","","","","","","","","","","97.9","","","98.1","","","96.3","","","96.1","","","93.3","","97.6","94.7","95.1","94","88.6","87","87","85.9","87.9","83","83.2","81.9","75.5","72.2","71.4","68.7","66.6","64.3","59.7","55.8","53.2","52.8","",
"IDA only","IDX","Poverty headcount ratio at $5.50 a day (2011 PPP) (% of population)","SI.POV.UMIC","","","","","","","","","","","","","","","","","","","","","","","","","","","","","","","","","","","","","","","","","","","","","","","","","","","","","","","","","","","","","",
"Isle of Man","IMN","Poverty headcount ratio at $5.50 a day (2011 PPP) (% of population)","SI.POV.UMIC","","","","","","","","","","","","","","","","","","","","","","","","","","","","","","","","","","","","","","","","","","","","","","","","","","","","","","","","","","","","","",
"India","IND","Poverty headcount ratio at $5.50 a day (2011 PPP) (% of population)","SI.POV.UMIC","","","","","","","","","","","","","","","","","","97.1","","","","","","96.6","","","","95.7","","","","","","95.5","","","","","","","","","","","92.9","","","","","91.1","","87.4","","","","","","","","","",
"Not classified","INX","Poverty headcount ratio at $5.50 a day (2011 PPP) (% of population)","SI.POV.UMIC","","","","","","","","","","","","","","","","","","","","","","","","","","","","","","","","","","","","","","","","","","","","","","","","","","","","","","","","","","","","","",
"Ireland","IRL","Poverty headcount ratio at $5.50 a day (2011 PPP) (% of population)","SI.POV.UMIC","","","","","","","","","","","","","","","","","","","","","","","","","","","","3.7","","","","","","","0.7","1","1","","","","0.5","","1","0.4","0.3","0.2","0.6","0.4","0.6","1.2","1.5","1.2","0.9","1.4","0.9","0.8","0.7","0.4","","","",
"Iran, Islamic Rep.","IRN","Poverty headcount ratio at $5.50 a day (2011 PPP) (% of population)","SI.POV.UMIC","","","","","","","","","","","","","","","","","","","","","","","","","","","42.8","","","","44.1","","","","36.8","","","","34.6","","","","","","","15.8","16.8","","","15.1","","","","10.7","13.1","13.4","13.7","13.2","14","","",
"Iraq","IRQ","Poverty headcount ratio at $5.50 a day (2011 PPP) (% of population)","SI.POV.UMIC","","","","","","","","","","","","","","","","","","","","","","","","","","","","","","","","","","","","","","","","","","","","","","","57","","","","","","52.4","","","","","","","","",
"Iceland","ISL","Poverty headcount ratio at $5.50 a day (2011 PPP) (% of population)","SI.POV.UMIC","","","","","","","","","","","","","","","","","","","","","","","","","","","","","","","","","","","","","","","","","","","","0.3","0.4","0.2","0.3","0.2","0.1","0.2","0.2","0.5","0.2","0.1","0.1","0.1","0.1","0","","","",
"Israel","ISR","Poverty headcount ratio at $5.50 a day (2011 PPP) (% of population)","SI.POV.UMIC","","","","","","","","","","","","","","","","","","","","4.7","","","","","","","6.2","","","","","","2.2","","","","","3.2","","","","2.5","","","","6","","4.7","","","4.2","","4.5","","3.5","","2.7","","","","",
"Italy","ITA","Poverty headcount ratio at $5.50 a day (2011 PPP) (% of population)","SI.POV.UMIC","","","","","","","","","","","","","","","","","","","","","","","","","","","1.5","2.7","","0.5","","1.2","","3.7","","2.7","","","3.5","","3","","","1.8","1.5","1.7","1.4","1.6","1.7","1.8","2.5","2.4","2.9","2.8","2.7","3.4","3.2","3.1","","","",
"Jamaica","JAM","Poverty headcount ratio at $5.50 a day (2011 PPP) (% of population)","SI.POV.UMIC","","","","","","","","","","","","","","","","","","","","","","","","","","","","","45.8","","49.5","","","64.4","","","42.8","","","30.5","","","33.6","","29.3","","","","","","","","","","","","","","","","",
"Jordan","JOR","Poverty headcount ratio at $5.50 a day (2011 PPP) (% of population)","SI.POV.UMIC","","","","","","","","","","","","","","","","","","","","","","","","","","","23.2","","","","","","44","","","","","45.3","","","","","35.6","","","","24.4","","23","","17.5","","","","","","","","","","",
"Japan","JPN","Poverty headcount ratio at $5.50 a day (2011 PPP) (% of population)","SI.POV.UMIC","","","","","","","","","","","","","","","","","","","","","","","","","","","","","","","","","","","","","","","","","","","","","","","","","1.4","","0.5","","","1.2","","","","","","","",
"Kazakhstan","KAZ","Poverty headcount ratio at $5.50 a day (2011 PPP) (% of population)","SI.POV.UMIC","","","","","","","","","","","","","","","","","","","","","","","","","","","","","","","","","","","","","53.2","","","","","62.1","59","53.4","48.6","49.1","31","20.6","18.3","19.2","14.7","7","6.9","4.4","4.9","5.9","9.6","6.5","4.6","","",
"Kenya","KEN","Poverty headcount ratio at $5.50 a day (2011 PPP) (% of population)","SI.POV.UMIC","","","","","","","","","","","","","","","","","","","","","","","","","","","","","","","","","76.2","","84.5","","","83.3","","","","","","","","88.3","","","","","","","","","","86.6","","","","","",
"Kyrgyz Republic","KGZ","Poverty headcount ratio at $5.50 a day (2011 PPP) (% of population)","SI.POV.UMIC","","","","","","","","","","","","","","","","","","","","","","","","","","","","","","","","","","","","","","","","","92.2","93","91.3","91.2","74","79.9","66.5","66.9","58.8","57.8","60.8","60.2","63.5","64.3","60.7","63.9","61.4","60.5","54.8","52.6","",
"Cambodia","KHM","Poverty headcount ratio at $5.50 a day (2011 PPP) (% of population)","SI.POV.UMIC","","","","","","","","","","","","","","","","","","","","","","","","","","","","","","","","","","","","","","","","","","","","","","","","","","","","","","","","","","","","","",
"Kiribati","KIR","Poverty headcount ratio at $5.50 a day (2011 PPP) (% of population)","SI.POV.UMIC","","","","","","","","","","","","","","","","","","","","","","","","","","","","","","","","","","","","","","","","","","","","","","","69.4","","","","","","","","","","","","","","",
"St. Kitts and Nevis","KNA","Poverty headcount ratio at $5.50 a day (2011 PPP) (% of population)","SI.POV.UMIC","","","","","","","","","","","","","","","","","","","","","","","","","","","","","","","","","","","","","","","","","","","","","","","","","","","","","","","","","","","","","",
"Korea, Rep.","KOR","Poverty headcount ratio at $5.50 a day (2011 PPP) (% of population)","SI.POV.UMIC","","","","","","","","","","","","","","","","","","","","","","","","","","","","","","","","","","","","","","","","","","","","","","","1.2","","1.2","","1.5","","1.2","","1","","0.7","","","","",
"Kuwait","KWT","Poverty headcount ratio at $5.50 a day (2011 PPP) (% of population)","SI.POV.UMIC","","","","","","","","","","","","","","","","","","","","","","","","","","","","","","","","","","","","","","","","","","","","","","","","","","","","","","","","","","","","","",
"Latin America & Caribbean (excluding high income)","LAC","Poverty headcount ratio at $5.50 a day (2011 PPP) (% of population)","SI.POV.UMIC","","","","","","","","","","","","","","","","","","","","","","","","","","","","","","","","","","","","","","","","","","","","","","","","","","","","","","","","","","","","","",
"Lao PDR","LAO","Poverty headcount ratio at $5.50 a day (2011 PPP) (% of population)","SI.POV.UMIC","","","","","","","","","","","","","","","","","","","","","","","","","","","","","","","","","90.1","","","","","94.6","","","","","91.9","","","","","88.2","","","","","78.7","","","","","","70.4","","",
"Lebanon","LBN","Poverty headcount ratio at $5.50 a day (2011 PPP) (% of population)","SI.POV.UMIC","","","","","","","","","","","","","","","","","","","","","","","","","","","","","","","","","","","","","","","","","","","","","","","","","","","","1.7","","","","","","","","","",
"Liberia","LBR","Poverty headcount ratio at $5.50 a day (2011 PPP) (% of population)","SI.POV.UMIC","","","","","","","","","","","","","","","","","","","","","","","","","","","","","","","","","","","","","","","","","","","","","","","","97.8","","","","","","","94.1","","93.2","","","","",
"Libya","LBY","Poverty headcount ratio at $5.50 a day (2011 PPP) (% of population)","SI.POV.UMIC","","","","","","","","","","","","","","","","","","","","","","","","","","","","","","","","","","","","","","","","","","","","","","","","","","","","","","","","","","","","","",
"St. Lucia","LCA","Poverty headcount ratio at $5.50 a day (2011 PPP) (% of population)","SI.POV.UMIC","","","","","","","","","","","","","","","","","","","","","","","","","","","","","","","","","","","","85.3","","","","","","","","","","","","","","","","","","","","","19.9","","","","",
"Latin America & Caribbean","LCN","Poverty headcount ratio at $5.50 a day (2011 PPP) (% of population)","SI.POV.UMIC","","","","","","","","","","","","","","","","","","","","","","48.4","49.4","53","53","50.8","43.6","47.2","47.7","46.6","49.3","49.1","49.7","49.4","47.8","47.7","49.3","47.8","46.7","47.3","45.1","44.9","44.7","44.2","42.5","40","35.9","34","32.3","31.9","30.1","28.4","26.7","25.8","25","24.2","23.6","23","22.5","22.5","",
"Least developed countries: UN classification","LDC","Poverty headcount ratio at $5.50 a day (2011 PPP) (% of population)","SI.POV.UMIC","","","","","","","","","","","","","","","","","","","","","","","","","","","","","","","","","","","","","","","","","","","","","","","","","","","","","","","","","","","","","",
"Low income","LIC","Poverty headcount ratio at $5.50 a day (2011 PPP) (% of population)","SI.POV.UMIC","","","","","","","","","","","","","","","","","","","","","","","","","","","","","","","","","","","","92.6","92.3","92.3","92","92.3","92","91.7","91.6","91.6","91.1","90.6","90.1","89.4","88.7","88.5","88.3","88.7","88.9","89.1","89.5","90","90","89.9","","","",
"Liechtenstein","LIE","Poverty headcount ratio at $5.50 a day (2011 PPP) (% of population)","SI.POV.UMIC","","","","","","","","","","","","","","","","","","","","","","","","","","","","","","","","","","","","","","","","","","","","","","","","","","","","","","","","","","","","","",
"Sri Lanka","LKA","Poverty headcount ratio at $5.50 a day (2011 PPP) (% of population)","SI.POV.UMIC","","","","","","","","","","","","","","","","","","","","","","","","","","81.9","","","","","81.4","","","","","76.1","","","","","","","70.1","","","","61","","","57.9","","","51.7","","","","42","","","","",
"Lower middle income","LMC","Poverty headcount ratio at $5.50 a day (2011 PPP) (% of population)","SI.POV.UMIC","","","","","","","","","","","","","","","","","","","","","","89.8","90","89.9","89.8","89.6","89.4","89.5","89.2","89","89.1","89.4","89.6","89.9","89.9","89.6","89.3","","","","","","88.2","87.7","87","86.1","85.5","84.8","84.2","83.6","81.7","79.9","78.7","77.7","76.3","","","","","","",
"Low & middle income","LMY","Poverty headcount ratio at $5.50 a day (2011 PPP) (% of population)","SI.POV.UMIC","","","","","","","","","","","","","","","","","","","","","","83.4","83.5","83.8","83.6","83.3","82.4","82.7","82.5","82.4","82.6","82.8","83.1","83.2","82.8","82.1","81.7","81.2","81","81.1","79.6","78.6","77.2","76.4","74.6","72.5","71","69.1","67.8","66.7","64.4","62.3","60.5","58","56.3","54.9","53.4","51.9","","","",
"Lesotho","LSO","Poverty headcount ratio at $5.50 a day (2011 PPP) (% of population)","SI.POV.UMIC","","","","","","","","","","","","","","","","","","","","","","","","","","","84.8","","","","","","","","78.1","","","","","","","","92.3","","","","","","","","","","","","","","","73.2","","","",
"Late-demographic dividend","LTE","Poverty headcount ratio at $5.50 a day (2011 PPP) (% of population)","SI.POV.UMIC","","","","","","","","","","","","","","","","","","","","","","","","","","","","","","","","","","","","","","","","","","","","","","","","","","","","","","","","","","","","","",
"Lithuania","LTU","Poverty headcount ratio at $5.50 a day (2011 PPP) (% of population)","SI.POV.UMIC","","","","","","","","","","","","","","","","","","","","","","","","","","","","","","","","","","","","","","","","","","","","","18.7","12.1","7.1","4.3","4.5","8.9","8.2","5.3","5.5","4.9","4.8","4.2","4.5","3.8","2.4","","",
"Luxembourg","LUX","Poverty headcount ratio at $5.50 a day (2011 PPP) (% of population)","SI.POV.UMIC","","","","","","","","","","","","","","","","","","","","","","","","","","0.2","","","","","","0","","","0","","","0.2","","","0","","","0.5","0.1","0.1","0","0","0","0.2","0.1","0.2","0.3","0.3","0.3","0.7","0.3","0.7","0.6","","",
"Latvia","LVA","Poverty headcount ratio at $5.50 a day (2011 PPP) (% of population)","SI.POV.UMIC","","","","","","","","","","","","","","","","","","","","","","","","","","","","","","","","","","","","","","","","","","","","","15.2","14","7.7","4.9","6.1","9.5","9.5","8.7","7.4","6","5.5","3.9","3.6","3.4","2.5","","",
"Macao SAR, China","MAC","Poverty headcount ratio at $5.50 a day (2011 PPP) (% of population)","SI.POV.UMIC","","","","","","","","","","","","","","","","","","","","","","","","","","","","","","","","","","","","","","","","","","","","","","","","","","","","","","","","","","","","","",
"St. Martin (French part)","MAF","Poverty headcount ratio at $5.50 a day (2011 PPP) (% of population)","SI.POV.UMIC","","","","","","","","","","","","","","","","","","","","","","","","","","","","","","","","","","","","","","","","","","","","","","","","","","","","","","","","","","","","","",
"Morocco","MAR","Poverty headcount ratio at $5.50 a day (2011 PPP) (% of population)","SI.POV.UMIC","","","","","","","","","","","","","","","","","","","","","","","","","67.1","","","","","","48.9","","","","","","","","58.9","","58.9","","","","","","47","","","","","","","30.2","","","","","","","",
"Monaco","MCO","Poverty headcount ratio at $5.50 a day (2011 PPP) (% of population)","SI.POV.UMIC","","","","","","","","","","","","","","","","","","","","","","","","","","","","","","","","","","","","","","","","","","","","","","","","","","","","","","","","","","","","","",
"Moldova","MDA","Poverty headcount ratio at $5.50 a day (2011 PPP) (% of population)","SI.POV.UMIC","","","","","","","","","","","","","","","","","","","","","","","","","","","","","","","","","","","","","","74.3","82.9","87.9","90.1","85","75.5","67.8","68.5","73.7","39.9","31","32.4","31","28.3","25","24","19.2","17.9","15.5","15.9","15.8","12.8","","",
"Madagascar","MDG","Poverty headcount ratio at $5.50 a day (2011 PPP) (% of population)","SI.POV.UMIC","","","","","","","","","","","","","","","","","","","","","88.5","","","","","","","","","","","","","96.5","","","","96.8","","96.5","","94.3","","","","97","","","","","97.5","","97.5","","","","","","","","",
"Maldives","MDV","Poverty headcount ratio at $5.50 a day (2011 PPP) (% of population)","SI.POV.UMIC","","","","","","","","","","","","","","","","","","","","","","","","","","","","","","","","","","","","","","","","","","","57.2","","","","","","","42.7","","","","","","","3.6","","","","",
"Middle East & North Africa","MEA","Poverty headcount ratio at $5.50 a day (2011 PPP) (% of population)","SI.POV.UMIC","","","","","","","","","","","","","","","","","","","","","","","","","","61.4","61.3","62","62.2","61.7","59.1","60.8","59.7","59.7","59.2","60.2","60.4","59.4","55.8","54","53.3","52.1","52.1","53.3","50.9","49","48.1","46.7","45.9","44.3","42.5","41.4","41.1","40.6","40.9","41.8","41.7","43.1","44.4","","",
"Mexico","MEX","Poverty headcount ratio at $5.50 a day (2011 PPP) (% of population)","SI.POV.UMIC","","","","","","","","","","","","","","","","","","","","","","","","","","","","","","39.7","","","43.3","","42.4","","59.3","","51.2","","43.8","","40.6","","37.4","36.7","33.1","","33.4","","33.3","","31.6","","33.3","","25.4","","22.7","","",
"Marshall Islands","MHL","Poverty headcount ratio at $5.50 a day (2011 PPP) (% of population)","SI.POV.UMIC","","","","","","","","","","","","","","","","","","","","","","","","","","","","","","","","","","","","","","","","","","","","","","","","","","","","","","","","","","","","","",
"Middle income","MIC","Poverty headcount ratio at $5.50 a day (2011 PPP) (% of population)","SI.POV.UMIC","","","","","","","","","","","","","","","","","","","","","","","","","","","","","","","","","","","","","","","","","","","","","","","","","","","","","","","","","","","","","",
"North Macedonia","MKD","Poverty headcount ratio at $5.50 a day (2011 PPP) (% of population)","SI.POV.UMIC","","","","","","","","","","","","","","","","","","","","","","","","","","","","","","","","","","","","","","","","","","","","","","","","","","35.7","34.1","32.2","31.2","29.5","26.1","24.7","21.5","19.5","17.9","","",
"Mali","MLI","Poverty headcount ratio at $5.50 a day (2011 PPP) (% of population)","SI.POV.UMIC","","","","","","","","","","","","","","","","","","","","","","","","","","","","","","","","","","","97.7","","","","","","","95.1","","","","","92.5","","","95","","","","","","","","","","","",
"Malta","MLT","Poverty headcount ratio at $5.50 a day (2011 PPP) (% of population)","SI.POV.UMIC","","","","","","","","","","","","","","","","","","","","","","","","","","","","","","","","","","","","","","","","","","","","","","","0.8","1","0.5","0.8","0.5","0.5","0.4","0.2","0.1","0.3","0.3","0.3","0.3","","",
"Myanmar","MMR","Poverty headcount ratio at $5.50 a day (2011 PPP) (% of population)","SI.POV.UMIC","","","","","","","","","","","","","","","","","","","","","","","","","","","","","","","","","","","","","","","","","","","","","","","","","","","","","","","","62.1","","54.3","","","",
"Middle East & North Africa (excluding high income)","MNA","Poverty headcount ratio at $5.50 a day (2011 PPP) (% of population)","SI.POV.UMIC","","","","","","","","","","","","","","","","","","","","","","","","","","","","","","","","","","","","","","","","","","","","","","","","","","","","","","","","","","","","","",
"Montenegro","MNE","Poverty headcount ratio at $5.50 a day (2011 PPP) (% of population)","SI.POV.UMIC","","","","","","","","","","","","","","","","","","","","","","","","","","","","","","","","","","","","","","","","","","","","","","","","","","","","","23.6","20.2","20.5","19.3","15.6","","","","",
"Mongolia","MNG","Poverty headcount ratio at $5.50 a day (2011 PPP) (% of population)","SI.POV.UMIC","","","","","","","","","","","","","","","","","","","","","","","","","","","","","","","","","","","","70.2","","","89.6","","","","67.4","","","","","40.2","","","37.4","31.9","23.5","","18.2","","29.9","","27.1","","",
"Northern Mariana Islands","MNP","Poverty headcount ratio at $5.50 a day (2011 PPP) (% of population)","SI.POV.UMIC","","","","","","","","","","","","","","","","","","","","","","","","","","","","","","","","","","","","","","","","","","","","","","","","","","","","","","","","","","","","","",
"Mozambique","MOZ","Poverty headcount ratio at $5.50 a day (2011 PPP) (% of population)","SI.POV.UMIC","","","","","","","","","","","","","","","","","","","","","","","","","","","","","","","","","","","","","96.6","","","","","","96.8","","","","","","96.3","","","","","","92.2","","","","","","",
"Mauritania","MRT","Poverty headcount ratio at $5.50 a day (2011 PPP) (% of population)","SI.POV.UMIC","","","","","","","","","","","","","","","","","","","","","","","","","","","","86.8","","","","","","88.5","","78.8","","","","","76","","","","77.7","","","","64.9","","","","","","58.8","","","","","","",
"Mauritius","MUS","Poverty headcount ratio at $5.50 a day (2011 PPP) (% of population)","SI.POV.UMIC","","","","","","","","","","","","","","","","","","","","","","","","","","","","","","","","","","","","","","","","","","","","","","","21.1","","","","","","17.9","","","","","12.7","","","",
"Malawi","MWI","Poverty headcount ratio at $5.50 a day (2011 PPP) (% of population)","SI.POV.UMIC","","","","","","","","","","","","","","","","","","","","","","","","","","","","","","","","","","","","","","93.5","","","","","","","97","","","","","","96.1","","","","","","96.6","","","","",
"Malaysia","MYS","Poverty headcount ratio at $5.50 a day (2011 PPP) (% of population)","SI.POV.UMIC","","","","","","","","","","","","","","","","","","","","","","","","","32.3","","","32.9","","32.5","","","30.3","","","29.4","","21.9","","","","","","21.8","","","16.5","","16.7","","","8.6","","4","","2.9","","","","","",
"North America","NAC","Poverty headcount ratio at $5.50 a day (2011 PPP) (% of population)","SI.POV.UMIC","","","","","","","","","","","","","","","","","","","","","","","","","","","","","","","","","","","","","","","","","","","","","","","","","","","","","","","","","","","","","",
"Namibia","NAM","Poverty headcount ratio at $5.50 a day (2011 PPP) (% of population)","SI.POV.UMIC","","","","","","","","","","","","","","","","","","","","","","","","","","","","","","","","","","","","","","","","","","","","73.8","","","","","","68","","","","","","51","","","","","",
"New Caledonia","NCL","Poverty headcount ratio at $5.50 a day (2011 PPP) (% of population)","SI.POV.UMIC","","","","","","","","","","","","","","","","","","","","","","","","","","","","","","","","","","","","","","","","","","","","","","","","","","","","","","","","","","","","","",
"Niger","NER","Poverty headcount ratio at $5.50 a day (2011 PPP) (% of population)","SI.POV.UMIC","","","","","","","","","","","","","","","","","","","","","","","","","","","","","","","","","98.3","","98.4","","","","","","","","","","","97.1","","96.8","","","","95.8","","","93.6","","","","","","",
"Nigeria","NGA","Poverty headcount ratio at $5.50 a day (2011 PPP) (% of population)","SI.POV.UMIC","","","","","","","","","","","","","","","","","","","","","","","","","","94.2","","","","","","","93.3","","","","93.3","","","","","","","94.7","","","","","","92.9","","","","","","","","","92","","",
"Nicaragua","NIC","Poverty headcount ratio at $5.50 a day (2011 PPP) (% of population)","SI.POV.UMIC","","","","","","","","","","","","","","","","","","","","","","","","","","","","","","","","","","74.8","","","","","70","","","63.3","","","","54.4","","","","50.2","","","","","35.4","","","","","","",
"Netherlands","NLD","Poverty headcount ratio at $5.50 a day (2011 PPP) (% of population)","SI.POV.UMIC","","","","","","","","","","","","","","","","","","","","","","","","2.5","","","","0.5","","","1.7","","","3","","","","","","0.5","","","","","0.8","0.4","0.2","0.3","0.5","0.3","0.2","0.3","0.2","0.2","0.4","0.4","0.3","0.4","0.3","","",
"Norway","NOR","Poverty headcount ratio at $5.50 a day (2011 PPP) (% of population)","SI.POV.UMIC","","","","","","","","","","","","","","","","","","","","1","","","","","","","0.5","","","","","0.5","","","","0.7","","","","","0.5","","","0.3","0.5","0.4","0.5","0.4","0.4","0.2","0.3","0.2","0.2","0.4","0.3","0.3","0.6","0.5","0.4","","",
"Nepal","NPL","Poverty headcount ratio at $5.50 a day (2011 PPP) (% of population)","SI.POV.UMIC","","","","","","","","","","","","","","","","","","","","","","","","","","","","","","","","","","","","96.9","","","","","","","","90.9","","","","","","","83","","","","","","","","","","",
"Nauru","NRU","Poverty headcount ratio at $5.50 a day (2011 PPP) (% of population)","SI.POV.UMIC","","","","","","","","","","","","","","","","","","","","","","","","","","","","","","","","","","","","","","","","","","","","","","","","","","","","","43","","","","","","","","",
"New Zealand","NZL","Poverty headcount ratio at $5.50 a day (2011 PPP) (% of population)","SI.POV.UMIC","","","","","","","","","","","","","","","","","","","","","","","","","","","","","","","","","","","","","","","","","","","","","","","","","","","","","","","","","","","","","",
"OECD members","OED","Poverty headcount ratio at $5.50 a day (2011 PPP) (% of population)","SI.POV.UMIC","","","","","","","","","","","","","","","","","","","","","","","","","","","","","","","","","","","","","","","","","","","","","","","","","","","","","","","","","","","","","",
"Oman","OMN","Poverty headcount ratio at $5.50 a day (2011 PPP) (% of population)","SI.POV.UMIC","","","","","","","","","","","","","","","","","","","","","","","","","","","","","","","","","","","","","","","","","","","","","","","","","","","","","","","","","","","","","",
"Other small states","OSS","Poverty headcount ratio at $5.50 a day (2011 PPP) (% of population)","SI.POV.UMIC","","","","","","","","","","","","","","","","","","","","","","","","","","","","","","","","","","","","","","","","","","","","","","","","","","","","","","","","","","","","","",
"Pakistan","PAK","Poverty headcount ratio at $5.50 a day (2011 PPP) (% of population)","SI.POV.UMIC","","","","","","","","","","","","","","","","","","","","","","","","","","","","96.8","","","97","","","","","","91.7","","90.8","","","93.7","","","88.4","88.5","","86.8","","","85.1","83.6","","79.6","","75.9","","","76.2","","",
"Panama","PAN","Poverty headcount ratio at $5.50 a day (2011 PPP) (% of population)","SI.POV.UMIC","","","","","","","","","","","","","","","","","","","","40","","","","","","","","","","50.3","","48.3","","","","39.4","","39.2","38.8","37","35.2","40.3","37.4","36.1","35","34.7","34","30.6","23.3","23","21.8","18.5","18.9","18.2","16.9","15.4","14.6","14.1","12.6","12.1","",
"Peru","PER","Poverty headcount ratio at $5.50 a day (2011 PPP) (% of population)","SI.POV.UMIC","","","","","","","","","","","","","","","","","","","","","","","","","","","","","","","","","","","","","","52.7","53","54.2","52.6","55.3","50.7","50.1","50","52.5","46.6","41.3","37.6","35.6","31.5","29.5","26.9","26.3","25.3","24.4","24.6","24.2","22.3","20.6","",
"Philippines","PHL","Poverty headcount ratio at $5.50 a day (2011 PPP) (% of population)","SI.POV.UMIC","","","","","","","","","","","","","","","","","","","","","","","","","","","","","","","","","","","","","","","","","64","","","62.9","","","63.4","","","61.1","","","59.9","","","54.6","","","46.9","","",
"Palau","PLW","Poverty headcount ratio at $5.50 a day (2011 PPP) (% of population)","SI.POV.UMIC","","","","","","","","","","","","","","","","","","","","","","","","","","","","","","","","","","","","","","","","","","","","","","","","","","","","","","","","","","","","","",
"Papua New Guinea","PNG","Poverty headcount ratio at $5.50 a day (2011 PPP) (% of population)","SI.POV.UMIC","","","","","","","","","","","","","","","","","","","","","","","","","","","","","","","","","","","","","88.4","","","","","","","","","","","","","86.9","","","","","","","","","","","",
"Poland","POL","Poverty headcount ratio at $5.50 a day (2011 PPP) (% of population)","SI.POV.UMIC","","","","","","","","","","","","","","","","","","","","","","","","","","","","","","","","","","","","","","","","","","","","","12.7","9","6.5","3.9","3","3.1","2.9","2.8","2.8","2.8","2.7","2.5","1.6","1.3","1.1","","",
"Pre-demographic dividend","PRE","Poverty headcount ratio at $5.50 a day (2011 PPP) (% of population)","SI.POV.UMIC","","","","","","","","","","","","","","","","","","","","","","","","","","","","","","","","","","","","","","","","","","","","","","","","","","","","","","","","","","","","","",
"Puerto Rico","PRI","Poverty headcount ratio at $5.50 a day (2011 PPP) (% of population)","SI.POV.UMIC","","","","","","","","","","","","","","","","","","","","","","","","","","","","","","","","","","","","","","","","","","","","","","","","","","","","","","","","","","","","","",
"Korea, Dem. People’s Rep.","PRK","Poverty headcount ratio at $5.50 a day (2011 PPP) (% of population)","SI.POV.UMIC","","","","","","","","","","","","","","","","","","","","","","","","","","","","","","","","","","","","","","","","","","","","","","","","","","","","","","","","","","","","","",
"Portugal","PRT","Poverty headcount ratio at $5.50 a day (2011 PPP) (% of population)","SI.POV.UMIC","","","","","","","","","","","","","","","","","","","","","","","","","","","","","","","","","","","","","","","","","","","","3.1","2.7","2.7","2","1.6","2.1","1.5","1.9","2.6","4.4","4.4","3.5","2.8","2.7","1.8","1.7","","",
"Paraguay","PRY","Poverty headcount ratio at $5.50 a day (2011 PPP) (% of population)","SI.POV.UMIC","","","","","","","","","","","","","","","","","","","","","","","","","","","","","","","17","","","","","38.9","","34.4","","36.1","","35","45.9","39.3","37","33.6","38.4","34.5","31.7","30.7","28.7","27.1","22.4","19.1","18.6","18.9","19.2","17","15.6","15.4","",
"West Bank and Gaza","PSE","Poverty headcount ratio at $5.50 a day (2011 PPP) (% of population)","SI.POV.UMIC","","","","","","","","","","","","","","","","","","","","","","","","","","","","","","","","","","","","","","","","","","","","","24.5","22.4","21.2","28.6","","19.1","20","18.7","","","","","21.9","","","","",
"Pacific island small states","PSS","Poverty headcount ratio at $5.50 a day (2011 PPP) (% of population)","SI.POV.UMIC","","","","","","","","","","","","","","","","","","","","","","","","","","","","","","","","","","","","","","","","","","","","","","","","","","","","","","","","","","","","","",
"Post-demographic dividend","PST","Poverty headcount ratio at $5.50 a day (2011 PPP) (% of population)","SI.POV.UMIC","","","","","","","","","","","","","","","","","","","","","","","","","","","","","","","","","","","","","","","","","","","","","","","","","","","","","","","","","","","","","",
"French Polynesia","PYF","Poverty headcount ratio at $5.50 a day (2011 PPP) (% of population)","SI.POV.UMIC","","","","","","","","","","","","","","","","","","","","","","","","","","","","","","","","","","","","","","","","","","","","","","","","","","","","","","","","","","","","","",
"Qatar","QAT","Poverty headcount ratio at $5.50 a day (2011 PPP) (% of population)","SI.POV.UMIC","","","","","","","","","","","","","","","","","","","","","","","","","","","","","","","","","","","","","","","","","","","","","","","","","","","","","","","","","","","","","",
"Romania","ROU","Poverty headcount ratio at $5.50 a day (2011 PPP) (% of population)","SI.POV.UMIC","","","","","","","","","","","","","","","","","","","","","","","","","","","","","","","","","","","","","","","","","","","","","","","35.2","29.5","22.8","21.7","23.8","27.5","27.3","27.7","25.5","22.9","17.4","12.8","10.9","","",
"Russian Federation","RUS","Poverty headcount ratio at $5.50 a day (2011 PPP) (% of population)","SI.POV.UMIC","","","","","","","","","","","","","","","","","","","","","","","","","","","","","","","","","","30.5","","","30.2","26","31.6","43.4","37.9","31.1","26.2","24.7","21.8","18.5","15.3","11.2","7.3","7","5.6","4.7","4.3","3.8","3.6","4.1","4.1","3.8","3.7","","",
"Rwanda","RWA","Poverty headcount ratio at $5.50 a day (2011 PPP) (% of population)","SI.POV.UMIC","","","","","","","","","","","","","","","","","","","","","","","","","","","","","","","","","","","","","","","","","95.9","","","","","93.7","","","","","93.2","","","92.6","","","91.9","","","","",
"South Asia","SAS","Poverty headcount ratio at $5.50 a day (2011 PPP) (% of population)","SI.POV.UMIC","","","","","","","","","","","","","","","","","","","","","","96.8","96.8","96.6","96.4","96.1","96","95.9","95.6","95.6","95.6","95.6","95.4","95.3","95","94.6","94.2","","","","","","93.1","92.7","92.2","91.4","91.2","90.6","90.2","90","88.9","87","85.8","84.7","83.4","","","","","","",
"Saudi Arabia","SAU","Poverty headcount ratio at $5.50 a day (2011 PPP) (% of population)","SI.POV.UMIC","","","","","","","","","","","","","","","","","","","","","","","","","","","","","","","","","","","","","","","","","","","","","","","","","","","","","","","","","","","","","",
"Sudan","SDN","Poverty headcount ratio at $5.50 a day (2011 PPP) (% of population)","SI.POV.UMIC","","","","","","","","","","","","","","","","","","","","","","","","","","","","","","","","","","","","","","","","","","","","","","","","","","74.3","","","","","79.3","","","","","","",
"Senegal","SEN","Poverty headcount ratio at $5.50 a day (2011 PPP) (% of population)","SI.POV.UMIC","","","","","","","","","","","","","","","","","","","","","","","","","","","","","","","","93.8","","","94.9","","","","","","","92.1","","","","88.8","","","","","","88.4","","","","","","","","","",
"Singapore","SGP","Poverty headcount ratio at $5.50 a day (2011 PPP) (% of population)","SI.POV.UMIC","","","","","","","","","","","","","","","","","","","","","","","","","","","","","","","","","","","","","","","","","","","","","","","","","","","","","","","","","","","","","",
"Solomon Islands","SLB","Poverty headcount ratio at $5.50 a day (2011 PPP) (% of population)","SI.POV.UMIC","","","","","","","","","","","","","","","","","","","","","","","","","","","","","","","","","","","","","","","","","","","","","","88.5","","","","","","","84.5","","","","","","","","",
"Sierra Leone","SLE","Poverty headcount ratio at $5.50 a day (2011 PPP) (% of population)","SI.POV.UMIC","","","","","","","","","","","","","","","","","","","","","","","","","","","","","","95.4","","","","","","","","","","","","","","96.1","","","","","","","","95","","","","","","","92.7","","",
"El Salvador","SLV","Poverty headcount ratio at $5.50 a day (2011 PPP) (% of population)","SI.POV.UMIC","","","","","","","","","","","","","","","","","","","","","","","","","","","","","","52.2","","60.6","","","","51.4","53","","52.5","50.4","45.1","46.9","47","47.8","45.6","45.5","42.8","39.6","43.8","43.5","42.1","42.1","39.5","35.6","35.5","32.6","31.4","29.5","26.3","22.3","",
"San Marino","SMR","Poverty headcount ratio at $5.50 a day (2011 PPP) (% of population)","SI.POV.UMIC","","","","","","","","","","","","","","","","","","","","","","","","","","","","","","","","","","","","","","","","","","","","","","","","","","","","","","","","","","","","","",
"Somalia","SOM","Poverty headcount ratio at $5.50 a day (2011 PPP) (% of population)","SI.POV.UMIC","","","","","","","","","","","","","","","","","","","","","","","","","","","","","","","","","","","","","","","","","","","","","","","","","","","","","","","","","","97.9","","","",
"Serbia","SRB","Poverty headcount ratio at $5.50 a day (2011 PPP) (% of population)","SI.POV.UMIC","","","","","","","","","","","","","","","","","","","","","","","","","","","","","","","","","","","","","","","","","","","","","","","","","","","","","22.1","24.7","25.4","23.8","22","19.3","","","",
"Sub-Saharan Africa (excluding high income)","SSA","Poverty headcount ratio at $5.50 a day (2011 PPP) (% of population)","SI.POV.UMIC","","","","","","","","","","","","","","","","","","","","","","","","","","","","","","","","","","","","","","","","","","","","","","","","","","","","","","","","","","","","","",
"South Sudan","SSD","Poverty headcount ratio at $5.50 a day (2011 PPP) (% of population)","SI.POV.UMIC","","","","","","","","","","","","","","","","","","","","","","","","","","","","","","","","","","","","","","","","","","","","","","","","","","86.1","","","","","","","97.8","","","","",
"Sub-Saharan Africa","SSF","Poverty headcount ratio at $5.50 a day (2011 PPP) (% of population)","SI.POV.UMIC","","","","","","","","","","","","","","","","","","","","","","","","","","","","","","","89.1","89.6","90.4","91.1","91.3","91.1","90.7","90.6","90.8","90.9","91","90.9","90.8","91","90.6","90.2","89.6","89.1","88.6","88.5","88.1","87.4","86.9","86.8","86.5","86.4","86.4","86.2","86.1","","",
"Small states","SST","Poverty headcount ratio at $5.50 a day (2011 PPP) (% of population)","SI.POV.UMIC","","","","","","","","","","","","","","","","","","","","","","","","","","","","","","","","","","","","","","","","","","","","","","","","","","","","","","","","","","","","","",
"Sao Tome and Principe","STP","Poverty headcount ratio at $5.50 a day (2011 PPP) (% of population)","SI.POV.UMIC","","","","","","","","","","","","","","","","","","","","","","","","","","","","","","","","","","","","","","","","","90.5","","","","","","","","","","92.8","","","","","","","86.4","","","",
"Suriname","SUR","Poverty headcount ratio at $5.50 a day (2011 PPP) (% of population)","SI.POV.UMIC","","","","","","","","","","","","","","","","","","","","","","","","","","","","","","","","","","","","","","","","48.2","","","","","","","","","","","","","","","","","","","","","",
"Slovak Republic","SVK","Poverty headcount ratio at $5.50 a day (2011 PPP) (% of population)","SI.POV.UMIC","","","","","","","","","","","","","","","","","","","","","","","","","","","","","","","","","","","","","","","","","","","","","5.1","3.1","2.1","2","2.2","2.4","2.2","2.3","2.7","2.9","3.5","2.8","3.2","","2.4","","",
"Slovenia","SVN","Poverty headcount ratio at $5.50 a day (2011 PPP) (% of population)","SI.POV.UMIC","","","","","","","","","","","","","","","","","","","","","","","","","","","","","","","","","","","","","","","","","","","","","0.3","0.4","0.3","0.2","0.1","0.2","0.1","0.2","0.2","0.2","0.2","0.1","0.1","0.1","0.1","","",
"Sweden","SWE","Poverty headcount ratio at $5.50 a day (2011 PPP) (% of population)","SI.POV.UMIC","","","","","","","","10.7","","","","","","","","0.7","","","","","","0.7","","","","","","0.5","","","","","0.7","","","1","","","","","0.2","","","0.8","0.9","1.6","0.9","0.8","1","1","1.2","1.1","0.9","1.1","0.9","1","0.6","0.5","1.2","","",
"Eswatini","SWZ","Poverty headcount ratio at $5.50 a day (2011 PPP) (% of population)","SI.POV.UMIC","","","","","","","","","","","","","","","","","","","","","","","","","","","","","","","","","","","97.1","","","","","","85.4","","","","","","","","","82.3","","","","","","","72","","","","",
"Sint Maarten (Dutch part)","SXM","Poverty headcount ratio at $5.50 a day (2011 PPP) (% of population)","SI.POV.UMIC","","","","","","","","","","","","","","","","","","","","","","","","","","","","","","","","","","","","","","","","","","","","","","","","","","","","","","","","","","","","","",
"Seychelles","SYC","Poverty headcount ratio at $5.50 a day (2011 PPP) (% of population)","SI.POV.UMIC","","","","","","","","","","","","","","","","","","","","","","","","","","","","","","","","","","","","","","","","","","","","","","","","","","","","","","7","","","","","5.2","","",
"Syrian Arab Republic","SYR","Poverty headcount ratio at $5.50 a day (2011 PPP) (% of population)","SI.POV.UMIC","","","","","","","","","","","","","","","","","","","","","","","","","","","","","","","","","","","","","53","","","","","","","40.1","","","","","","","","","","","","","","","","","",
"Turks and Caicos Islands","TCA","Poverty headcount ratio at $5.50 a day (2011 PPP) (% of population)","SI.POV.UMIC","","","","","","","","","","","","","","","","","","","","","","","","","","","","","","","","","","","","","","","","","","","","","","","","","","","","","","","","","","","","","",
"Chad","TCD","Poverty headcount ratio at $5.50 a day (2011 PPP) (% of population)","SI.POV.UMIC","","","","","","","","","","","","","","","","","","","","","","","","","","","","","","","","","","","","","","","","","","","","95.2","","","","","","","","86.2","","","","","","","","","",
"East Asia & Pacific (IDA & IBRD countries)","TEA","Poverty headcount ratio at $5.50 a day (2011 PPP) (% of population)","SI.POV.UMIC","","","","","","","","","","","","","","","","","","","","","","","","","","","","","","","","","","","","","","","","","","","","","","","","","","","","","","","","","","","","","",
"Europe & Central Asia (IDA & IBRD countries)","TEC","Poverty headcount ratio at $5.50 a day (2011 PPP) (% of population)","SI.POV.UMIC","","","","","","","","","","","","","","","","","","","","","","","","","","","","","","","","","","","","","","","","","","","","","","","","","","","","","","","","","","","","","",
"Togo","TGO","Poverty headcount ratio at $5.50 a day (2011 PPP) (% of population)","SI.POV.UMIC","","","","","","","","","","","","","","","","","","","","","","","","","","","","","","","","","","","","","","","","","","","","","","","91.8","","","","","90.6","","","","90.8","","","","","",
"Thailand","THA","Poverty headcount ratio at $5.50 a day (2011 PPP) (% of population)","SI.POV.UMIC","","","","","","","","","","","","","","","","","","","","","","69.3","","","","","","","68.2","","64.6","","57.7","","50.5","","45","","43.9","47.8","48.6","","39.7","","33.4","","26.8","24.5","22.5","20","17.5","13.4","13.5","11.3","10.4","7","8.2","7.6","8.4","6.2","",
"Tajikistan","TJK","Poverty headcount ratio at $5.50 a day (2011 PPP) (% of population)","SI.POV.UMIC","","","","","","","","","","","","","","","","","","","","","","","","","","","","","","","","","","","","","","","","97.7","","","","89","79.5","","","70.7","","59.8","","","","","","50.5","","","","","",
"Turkmenistan","TKM","Poverty headcount ratio at $5.50 a day (2011 PPP) (% of population)","SI.POV.UMIC","","","","","","","","","","","","","","","","","","","","","","","","","","","","","","","","","","","","","","","91.7","","","","","","","","","","","","","","","","","","","","","","",
"Latin America & the Caribbean (IDA & IBRD countries)","TLA","Poverty headcount ratio at $5.50 a day (2011 PPP) (% of population)","SI.POV.UMIC","","","","","","","","","","","","","","","","","","","","","","","","","","","","","","","","","","","","","","","","","","","","","","","","","","","","","","","","","","","","","",
"Timor-Leste","TLS","Poverty headcount ratio at $5.50 a day (2011 PPP) (% of population)","SI.POV.UMIC","","","","","","","","","","","","","","","","","","","","","","","","","","","","","","","","","","","","","","","","","","91","","","","","","96","","","","","","","91.8","","","","","","",
"Middle East & North Africa (IDA & IBRD countries)","TMN","Poverty headcount ratio at $5.50 a day (2011 PPP) (% of population)","SI.POV.UMIC","","","","","","","","","","","","","","","","","","","","","","","","","","","","","","","","","","","","","","","","","","","","","","","","","","","","","","","","","","","","","",
"Tonga","TON","Poverty headcount ratio at $5.50 a day (2011 PPP) (% of population)","SI.POV.UMIC","","","","","","","","","","","","","","","","","","","","","","","","","","","","","","","","","","","","","","","","","27.8","","","","","","","","","31.9","","","","","","27.5","","","","","",
"South Asia (IDA & IBRD)","TSA","Poverty headcount ratio at $5.50 a day (2011 PPP) (% of population)","SI.POV.UMIC","","","","","","","","","","","","","","","","","","","","","","","","","","","","","","","","","","","","","","","","","","","","","","","","","","","","","","","","","","","","","",
"Sub-Saharan Africa (IDA & IBRD countries)","TSS","Poverty headcount ratio at $5.50 a day (2011 PPP) (% of population)","SI.POV.UMIC","","","","","","","","","","","","","","","","","","","","","","","","","","","","","","","","","","","","","","","","","","","","","","","","","","","","","","","","","","","","","",
"Trinidad and Tobago","TTO","Poverty headcount ratio at $5.50 a day (2011 PPP) (% of population)","SI.POV.UMIC","","","","","","","","","","","","","","","","","","","","","","","","","","","","","21.5","","","","31.9","","","","","","","","","","","","","","","","","","","","","","","","","","","","",
"Tunisia","TUN","Poverty headcount ratio at $5.50 a day (2011 PPP) (% of population)","SI.POV.UMIC","","","","","","","","","","","","","","","","","","","","","","","","","","66.8","","","","","59.6","","","","","60.2","","","","","50.6","","","","","41.5","","","","","30.5","","","","","17.5","","","","","",
"Turkey","TUR","Poverty headcount ratio at $5.50 a day (2011 PPP) (% of population)","SI.POV.UMIC","","","","","","","","","","","","","","","","","","","","","","","","","","","","39.2","","","","","","","37.8","","","","","","","","33.7","37","27","24.6","21.9","19.1","15.7","15.7","15.2","13.1","12.3","10.7","10","10.7","9.5","8.7","8.5","10.2","",
"Tuvalu","TUV","Poverty headcount ratio at $5.50 a day (2011 PPP) (% of population)","SI.POV.UMIC","","","","","","","","","","","","","","","","","","","","","","","","","","","","","","","","","","","","","","","","","","","","","","","","","","","46.7","","","","","","","","","","",
"Tanzania","TZA","Poverty headcount ratio at $5.50 a day (2011 PPP) (% of population)","SI.POV.UMIC","","","","","","","","","","","","","","","","","","","","","","","","","","","","","","","","98.2","","","","","","","","","99.4","","","","","","","94.9","","","","93.2","","","","","","91.8","","","",
"Uganda","UGA","Poverty headcount ratio at $5.50 a day (2011 PPP) (% of population)","SI.POV.UMIC","","","","","","","","","","","","","","","","","","","","","","","","","","","","","","93.4","","","95.8","","","","95.4","","","95.4","","","94.4","","","92.6","","","","89.3","","","87","","","","87.6","","","","",
"Ukraine","UKR","Poverty headcount ratio at $5.50 a day (2011 PPP) (% of population)","SI.POV.UMIC","","","","","","","","","","","","","","","","","","","","","","","","","","","","","","","","","38.4","39.4","","46.4","54.9","","","","","","43.5","34.6","26.7","17","13.4","12.7","7.2","8.2","5.3","4.5","3.4","2.8","2.5","6.3","5.6","4.6","3.4","2.5","",
"Upper middle income","UMC","Poverty headcount ratio at $5.50 a day (2011 PPP) (% of population)","SI.POV.UMIC","","","","","","","","","","","","","","","","","","","","","","77.9","78","78.5","78.2","77.6","76","76.4","76.2","76.1","76.2","76.4","76.6","76.4","75.6","74.5","73.7","73","72.6","72.4","69.9","68","65.3","63.8","60.9","57.3","54.6","51.1","48.8","46.9","43.7","40.5","37.5","32.8","30.2","27.6","25.4","22.8","20.8","19.7","",
"Uruguay","URY","Poverty headcount ratio at $5.50 a day (2011 PPP) (% of population)","SI.POV.UMIC","","","","","","","","","","","","","","","","","","","","","","","","","","","","","","","","","8.2","","","8.2","8.7","8.5","8.4","","9.2","10.4","13.9","18.3","19.6","17.6","17","14.7","10.5","9.8","8.6","5.9","5.5","5","4.2","4","3.7","2.9","3","3.2","",
"United States","USA","Poverty headcount ratio at $5.50 a day (2011 PPP) (% of population)","SI.POV.UMIC","","","","","","","","","","","","","","","1.7","","","","","1.2","","","","","","","1.2","","","","","1.2","1.5","1.2","1.5","1.2","1.2","1.2","1.5","1.2","1.2","1.5","1.5","1.7","1.7","1.5","1.7","1.5","1.7","1.5","1.7","1.7","1.7","1.7","2","1.7","1.7","1.7","1.7","","",
"Uzbekistan","UZB","Poverty headcount ratio at $5.50 a day (2011 PPP) (% of population)","SI.POV.UMIC","","","","","","","","","","","","","","","","","","","","","","","","","","","","","","","","","","","","","","","87","","96.4","","96.1","96.4","","","","","","","","","","","","","","","","","",
"St. Vincent and the Grenadines","VCT","Poverty headcount ratio at $5.50 a day (2011 PPP) (% of population)","SI.POV.UMIC","","","","","","","","","","","","","","","","","","","","","","","","","","","","","","","","","","","","","","","","","","","","","","","","","","","","","","","","","","","","","",
"Venezuela, RB","VEN","Poverty headcount ratio at $5.50 a day (2011 PPP) (% of population)","SI.POV.UMIC","","","","","","","","","","","","","","","","","","","","","","34.1","","","","","","36.9","","26.9","","","28","","","44.5","","","42.6","47.1","","44.8","54.6","60.4","55.2","45.2","32.7","","","","","","","","","","","","","","",
"British Virgin Islands","VGB","Poverty headcount ratio at $5.50 a day (2011 PPP) (% of population)","SI.POV.UMIC","","","","","","","","","","","","","","","","","","","","","","","","","","","","","","","","","","","","","","","","","","","","","","","","","","","","","","","","","","","","","",
"Virgin Islands (U.S.)","VIR","Poverty headcount ratio at $5.50 a day (2011 PPP) (% of population)","SI.POV.UMIC","","","","","","","","","","","","","","","","","","","","","","","","","","","","","","","","","","","","","","","","","","","","","","","","","","","","","","","","","","","","","",
"Vietnam","VNM","Poverty headcount ratio at $5.50 a day (2011 PPP) (% of population)","SI.POV.UMIC","","","","","","","","","","","","","","","","","","","","","","","","","","","","","","","","","94.3","","","","","89","","","","","89","","84.2","","79.9","","77.8","","46.8","","40.8","","35","","27.2","","22.4","","",
"Vanuatu","VUT","Poverty headcount ratio at $5.50 a day (2011 PPP) (% of population)","SI.POV.UMIC","","","","","","","","","","","","","","","","","","","","","","","","","","","","","","","","","","","","","","","","","","","","","","","","","","","72.4","","","","","","","","","","",
"World","WLD","Poverty headcount ratio at $5.50 a day (2011 PPP) (% of population)","SI.POV.UMIC","","","","","","","","","","","","","","","","","","","","","","66.5","66.8","67.2","67.2","67","66.5","66.8","66.8","66.8","67","67.4","67.8","68.2","68.3","67.5","67.4","66.9","66.8","67","65.9","65.2","64.1","63.5","62.1","60.4","59.2","57.6","56.5","55.6","53.8","52.1","50.7","48.6","47.3","46","44.8","43.5","","","",
"Samoa","WSM","Poverty headcount ratio at $5.50 a day (2011 PPP) (% of population)","SI.POV.UMIC","","","","","","","","","","","","","","","","","","","","","","","","","","","","","","","","","","","","","","","","","","","36.6","","","","","","35.9","","","","","33.9","","","","","","","",
"Kosovo","XKX","Poverty headcount ratio at $5.50 a day (2011 PPP) (% of population)","SI.POV.UMIC","","","","","","","","","","","","","","","","","","","","","","","","","","","","","","","","","","","","","","","","","","","","58.1","","57.2","59.1","","","48.7","49.7","45.9","32.2","27.2","28.7","25","23.6","24.4","","","",
"Yemen, Rep.","YEM","Poverty headcount ratio at $5.50 a day (2011 PPP) (% of population)","SI.POV.UMIC","","","","","","","","","","","","","","","","","","","","","","","","","","","","","","","","","","","","","","","60.8","","","","","","","75.9","","","","","","","","","81","","","","","","",
"South Africa","ZAF","Poverty headcount ratio at $5.50 a day (2011 PPP) (% of population)","SI.POV.UMIC","","","","","","","","","","","","","","","","","","","","","","","","","","","","","","","","","","66.9","","","71","","","","70.2","","","","","67.7","","","57.6","","56","","","","56.9","","","","","","",
"Zambia","ZMB","Poverty headcount ratio at $5.50 a day (2011 PPP) (% of population)","SI.POV.UMIC","","","","","","","","","","","","","","","","","","","","","","","","","","","","","","","","85.1","","89","","","84.8","","85.6","","","","92.9","","89.3","","90.4","","","","91.1","","","","","88.1","","","","","",
"Zimbabwe","ZWE","Poverty headcount ratio at $5.50 a day (2011 PPP) (% of population)","SI.POV.UMIC","","","","","","","","","","","","","","","","","","","","","","","","","","","","","","","","","","","","","","","","","","","","","","","","","","","","74","","","","","","81.3","","82.8","",
